Title,Company,Qualification,Reward,Link
모바일 엔지니어 (Flutter),엘리스,경력 5-10년,합격보상금 100만원,https://www.wanted.co.kr/wd/262121
이리온 사용자 어플리케이션 개발자 (서울),폴라리스쓰리디(Polaris3D),경력 4-10년,합격보상금 100만원,https://www.wanted.co.kr/wd/346183
UI 퍼블리싱 리드 (Flutter / Vue.js),대동애그테크,경력 7년 이상,합격보상금 100만원,https://www.wanted.co.kr/wd/346372
[고워크] flutter App 개발자,엑스비온,경력 3년 이상,합격보상금 100만원,https://www.wanted.co.kr/wd/344471
Platform Engineer,마스오토,경력 3년 이상,합격보상금 100만원,https://www.wanted.co.kr/wd/299464
모바일 앱 개발자 (React Native / Flutter),쥬비스다이어트,경력 5-10년,합격보상금 100만원,https://www.wanted.co.kr/wd/345197
Flutter/Dart 풀스택 엔지니어,코코드,경력 2-7년,합격보상금 100만원,https://www.wanted.co.kr/wd/279435
AI 학습앱 Flutter 개발자 (2년 이상),위버스마인드,경력 3년 이상,합격보상금 100만원,https://www.wanted.co.kr/wd/330372
모바일 엔지니어 (Flutter),엘리스,경력 5-10년,합격보상금 100만원,https://www.wanted.co.kr/wd/262121
이리온 사용자 어플리케이션 개발자 (서울),폴라리스쓰리디(Polaris3D),경력 4-10년,합격보상금 100만원,https://www.wanted.co.kr/wd/346183
UI 퍼블리싱 리드 (Flutter / Vue.js),대동애그테크,경력 7년 이상,합격보상금 100만원,https://www.wanted.co.kr/wd/346372
[고워크] flutter App 개발자,엑스비온,경력 3년 이상,합격보상금 100만원,https://www.wanted.co.kr/wd/344471
Platform Engineer,마스오토,경력 3년 이상,합격보상금 100만원,https://www.wanted.co.kr/wd/299464
모바일 앱 개발자 (React Native / Flutter),쥬비스다이어트,경력 5-10년,합격보상금 100만원,https://www.wanted.co.kr/wd/345197
Flutter/Dart 풀스택 엔지니어,코코드,경력 2-7년,합격보상금 100만원,https://www.wanted.co.kr/wd/279435
AI 학습앱 Flutter 개발자 (2년 이상),위버스마인드,경력 3년 이상,합격보상금 100만원,https://www.wanted.co.kr/wd/330372
[고워크] 풀스택 개발자,엑스비온,경력 2-7년,합격보상금 100만원,https://www.wanted.co.kr/wd/344472
클라이언트 엔지니어(팀원),로완,경력 2년 이상,합격보상금 100만원,https://www.wanted.co.kr/wd/317130
Backend 개발자,에어키친,경력 3-7년,합격보상금 100만원,https://www.wanted.co.kr/wd/311193
Frontend Engineer,우주탐험가,경력 2년 이상,합격보상금 100만원,https://www.wanted.co.kr/wd/310252
Front-end developer,베스펙스,경력 5-11년,합격보상금 100만원,https://www.wanted.co.kr/wd/282230
개발자 4년 이상,비테크,경력 4-7년,합격보상금 100만원,https://www.wanted.co.kr/wd/347314
단어 암기 어플 풀스택 개발자,지름길영어,경력 3-6년,합격보상금 100만원,https://www.wanted.co.kr/wd/344170
Flutter Engineer (iOS/Android),큐픽스,경력 3-8년,합격보상금 100만원,https://www.wanted.co.kr/wd/348044
[병역특례 현역/보충역] Flutter개발자,넛지헬스케어(캐시워크),신입-경력 3년,합격보상금 100만원,https://www.wanted.co.kr/wd/168259
AMR(자율주행로봇) 서비스 앱 개발자,폴라리스쓰리디(Polaris3D),신입 이상,합격보상금 100만원,https://www.wanted.co.kr/wd/339108
Flutter 개발자,에이피알,경력 3-5년,합격보상금 100만원,https://www.wanted.co.kr/wd/343824
Flutter 앱 개발,시어스랩(Seerslab),경력 3-10년,합격보상금 100만원,https://www.wanted.co.kr/wd/343178
Flutter 개발자,코보시스,경력 2-6년,합격보상금 100만원,https://www.wanted.co.kr/wd/341728
소프트웨어 엔지니어,아론,경력 3-8년,합격보상금 100만원,https://www.wanted.co.kr/wd/345052
Sr. Flutter Engineer (Coupang Eats),쿠팡,경력 5-9년,합격보상금 100만원,https://www.wanted.co.kr/wd/341288
Software Engineer (Flutter),패러닷,경력 3-8년,합격보상금 100만원,https://www.wanted.co.kr/wd/343400
Sr Flutter Engineer (Coupang Eats),쿠팡,경력 5년 이상,합격보상금 100만원,https://www.wanted.co.kr/wd/323168
클라이언트(flutter) 개발자,스쿨버스,신입 · 계약직,합격보상금 20만원,https://www.wanted.co.kr/wd/345413
Platform Software Engineer (Full-Stack),소울아트,신입 이상,합격보상금 100만원,https://www.wanted.co.kr/wd/315491
풀스택 앱 개발자 (Full-stack App Developer),휴라이트,경력 1-3년,합격보상금 100만원,https://www.wanted.co.kr/wd/339685
Platform Engineer (Entry-level),마스오토,경력 1년 이상,합격보상금 100만원,https://www.wanted.co.kr/wd/336115
Flutter Mobile Engineer,유모스원,경력 3년 이상,합격보상금 100만원,https://www.wanted.co.kr/wd/340668
앱(Flutter) 개발,어플레이즈,경력 3-15년,합격보상금 100만원,https://www.wanted.co.kr/wd/339648
Mobile Client Engineer,버스에잇코리아,경력 3-10년,합격보상금 100만원,https://www.wanted.co.kr/wd/341021
Mobile Engineer (English Required),픽스업,신입-경력 3년,합격보상금 100만원,https://www.wanted.co.kr/wd/307000
"프론트엔드 / 모바일 (Vue, Flutter) 엔지니어",드래프티파이,경력 1-12년,합격보상금 100만원,https://www.wanted.co.kr/wd/220132
